Season,Week,Tm_abb,Day,Date,W/L,OT,H/A,Opp_abb,Tm_score,Opp_score,O_P_Cmp,O_P_Att,O_P_Yds,O_P_TD,O_Int,O_Sk,O_Yds_lost_Sk,O_P_Y/A,O_P_NY/A,O_P_Cmp_pct,O_QBR,O_R_Att,O_R_Yds,O_R_Y/A,O_R_TD,FGM,FGA,XPM,XPA,Pnt,Pnt_Yds,O_3D_Conv,O_3D_Att,O_4D_Conv,O_4D_Att,O_ToP,D_P_Cmp,D_P_Att,D_P_Yds,D_P_TD,D_Int,D_Sk,D_Yds_lost_Sk,D_P_Y/A,D_P_NY/A,D_P_Cmp_pct,D_QBR,D_R_Att,D_R_Yds,D_R_Y/A,D_R_TD,D_3D_Conv,D_3D_Att,D_4D_Conv,D_4D_Att,D_ToP
2010,1,RAM,Sun,September 12,L,N,H,CRD,13,17,32,55,240,1,3,2,13,4.6,4.2,58.2,52.1,24,85,3.5,0,2,3,1,1,6,325,8,20,2,3,32:51,22,41,266,1,0,2,31,7.2,6.2,53.7,82.0,21,112,5.3,1,5,13,0,0,27:09
2010,2,RAM,Sun,September 19,L,N,A,RAI,14,16,14,25,135,2,1,3,32,6.7,4.8,56.0,81.2,21,75,3.6,0,0,1,2,2,7,319,2,10,0,0,23:11,19,36,231,1,2,2,18,6.9,6.1,52.8,58.9,40,173,4.3,0,7,17,0,1,36:49
2010,3,RAM,Sun,September 26,W,N,H,WAS,30,16,23,37,232,1,1,1,3,6.4,6.1,62.2,77.8,37,133,3.6,2,3,4,3,3,3,138,7,16,2,2,34:50,19,32,233,1,1,1,3,7.4,7.1,59.4,79.3,17,116,6.8,0,1,10,0,0,25:10
2010,4,RAM,Sun,October 3,W,N,H,SEA,20,3,23,41,261,2,1,4,28,7.0,5.8,56.1,81.5,28,88,3.1,0,2,2,2,2,7,321,7,16,0,1,32:50,21,37,193,0,1,4,26,5.9,4.7,56.8,59.9,24,64,2.7,0,4,15,0,2,27:10
2010,5,RAM,Sun,October 10,L,N,A,DET,6,44,23,45,213,0,2,1,2,4.8,4.6,51.1,45.9,28,128,4.6,0,2,2,0,0,4,183,6,14,0,2,33:16,22,34,233,3,0,1,5,7.0,6.7,64.7,114.0,26,89,3.4,0,6,13,0,0,26:44
2010,6,RAM,Sun,October 17,W,N,H,SDG,20,17,18,31,183,1,0,3,15,6.4,5.4,58.1,85.8,35,117,3.3,1,2,2,2,2,6,247,7,17,0,0,33:23,22,37,208,1,1,7,41,6.7,4.7,59.5,72.8,17,79,4.6,1,4,12,0,0,26:37
2010,7,RAM,Sun,October 24,L,N,A,TAM,17,18,13,26,124,2,0,1,2,4.8,4.6,50.0,89.3,32,161,5.0,0,1,1,2,2,4,144,7,14,0,0,28:41,23,40,189,1,0,3,23,5.3,4.4,57.5,78.0,21,124,5.9,0,5,15,2,2,31:19
2010,8,RAM,Sun,October 31,W,N,H,CAR,20,10,25,32,184,2,0,2,7,6.0,5.4,78.1,111.5,29,62,2.1,0,2,3,2,2,5,241,6,15,0,0,36:28,23,37,176,1,3,3,18,5.2,4.4,62.2,48.9,17,25,1.5,0,7,14,0,0,23:32
2010,10,RAM,Sun,November 14,L,Y,A,SFO,20,23,30,42,228,1,0,3,23,6.0,5.1,71.4,92.2,24,104,4.3,1,2,2,2,2,10,437,2,14,0,0,35:03,17,28,323,1,0,5,33,12.7,9.8,60.7,112.6,26,98,3.8,1,0,11,1,1,30:18
2010,11,RAM,Sun,November 21,L,N,H,ATL,17,34,27,42,233,2,1,0,0,5.5,5.5,64.3,84.7,12,71,5.9,0,1,1,2,2,5,234,1,10,1,2,24:05,26,39,253,2,0,0,0,6.5,6.5,66.7,101.8,31,138,4.5,1,9,17,0,0,35:55
2010,12,RAM,Sun,November 28,W,N,A,DEN,36,33,22,37,308,3,0,2,0,8.3,7.9,59.5,113.3,35,123,3.5,1,3,4,3,4,5,204,6,16,1,1,34:17,24,41,330,3,0,3,17,8.5,7.5,58.5,108.8,18,119,6.6,1,1,9,1,2,25:43
2010,13,RAM,Sun,December 5,W,N,A,CRD,19,6,18,29,169,0,1,2,18,6.4,5.5,62.1,63.7,36,119,3.3,1,4,4,1,1,4,200,6,17,0,0,33:46,11,29,119,0,2,4,29,5.1,3.6,37.9,22.1,19,105,5.5,0,1,11,0,0,26:14
2010,14,RAM,Sun,December 12,L,N,A,NOR,13,31,18,32,191,0,2,3,40,7.2,5.5,56.3,47.8,24,136,5.7,1,2,3,1,1,4,219,1,11,2,2,26:59,25,40,213,3,2,1,8,5.5,5.2,62.5,80.5,29,132,4.6,0,11,16,0,1,33:01
2010,15,RAM,Sun,December 19,L,N,H,KAN,13,27,21,43,155,0,2,3,26,4.2,3.4,48.8,38.4,21,69,3.3,1,2,2,1,1,8,371,6,17,0,1,28:16,15,29,173,1,1,3,11,6.3,5.4,51.7,67.2,42,210,5.0,2,5,17,1,2,31:44
2010,16,RAM,Sun,December 26,W,N,H,SFO,25,17,28,37,275,1,0,1,17,7.9,7.2,75.7,105.1,28,60,2.1,1,3,3,2,2,7,297,4,14,0,0,33:08,17,34,246,1,1,4,27,8.0,6.5,50.0,71.4,21,85,4.0,0,4,16,1,1,26:52
2010,17,RAM,Sun,January 2,L,N,A,SEA,6,16,19,36,137,0,1,3,18,4.3,3.5,52.8,50.3,15,47,3.1,0,2,2,0,0,9,396,2,14,0,1,25:15,22,36,192,1,0,0,0,5.3,5.3,61.1,84.5,35,141,4.0,0,4,15,0,0,34:45
2011,1,RAM,Sun,September 11,L,N,H,PHI,13,31,18,35,181,0,0,5,28,6.0,4.5,51.4,66.5,26,154,5.9,1,2,3,1,1,4,169,2,12,2,3,29:46,14,32,167,2,0,3,20,5.8,4.8,43.8,81.1,32,236,7.4,1,8,13,0,1,30:14
2011,2,RAM,Mon,September 19,L,N,A,NYG,16,28,22,46,308,1,0,2,23,7.2,6.4,47.8,77.1,19,59,3.1,0,3,3,1,1,7,313,5,17,1,1,25:48,19,30,204,2,1,3,19,7.4,6.2,63.3,91.5,38,119,3.1,1,5,15,1,2,34:12
2011,3,RAM,Sun,September 25,L,N,H,RAV,7,37,16,32,132,1,1,5,34,5.2,3.6,50.0,58.3,26,112,4.3,0,0,0,1,1,8,372,4,14,0,1,28:49,27,48,385,3,0,2,4,8.1,7.7,56.3,103.2,26,168,6.5,0,6,15,1,1,31:11
2011,4,RAM,Sun,October 2,L,N,H,WAS,10,17,20,43,127,1,0,7,37,3.8,2.5,46.5,61.1,17,45,2.6,0,1,1,1,1,8,360,6,18,1,2,24:50,15,29,143,1,2,0,0,4.9,4.9,51.7,48.5,40,196,4.9,1,9,18,0,0,35:10
2011,6,RAM,Sun,October 16,L,N,A,GNB,3,24,29,45,306,0,1,3,22,7.3,6.4,64.4,74.9,24,118,4.9,0,1,2,0,0,5,162,3,13,1,4,30:41,18,29,309,3,1,1,7,10.9,10.3,62.1,118.3,31,90,2.9,0,4,13,1,1,29:19
2011,7,RAM,Sun,October 23,L,N,A,DAL,7,34,20,33,195,0,1,1,1,5.9,5.7,60.6,64.6,21,70,3.3,1,0,0,1,1,5,237,5,13,0,2,26:04,14,24,151,2,0,2,15,6.9,5.8,58.3,104.7,34,294,8.6,2,3,8,0,0,33:56
2011,8,RAM,Sun,October 30,W,N,H,NOR,31,21,20,37,140,1,0,4,35,4.7,3.4,54.1,71.9,31,183,5.9,2,1,1,4,4,7,298,5,16,2,2,31:23,30,44,227,1,2,6,42,6.1,4.5,68.2,69.0,20,56,2.8,1,8,17,1,1,28:37
2011,9,RAM,Sun,November 6,L,Y,A,CRD,13,19,23,36,233,0,1,4,22,7.1,5.8,63.9,70.7,35,150,4.3,0,3,4,0,0,7,352,3,14,0,1,36:58,20,35,192,1,0,3,30,6.3,5.1,57.1,82.1,17,70,4.1,0,2,10,0,0,24:59
2011,10,RAM,Sun,November 13,W,N,A,CLE,13,12,15,25,148,1,1,1,7,6.2,5.7,60.0,73.4,32,133,4.2,0,2,2,1,1,5,236,4,12,0,0,27:33,20,27,209,0,0,2,9,8.1,7.2,74.1,96.1,30,126,4.2,0,5,14,0,0,32:27
2011,11,RAM,Sun,November 20,L,N,H,SEA,7,24,20,40,143,1,1,5,38,4.5,3.2,50.0,56.6,17,42,2.5,0,0,0,1,1,10,441,5,15,0,0,25:00,15,25,163,1,2,4,40,8.1,5.6,60.0,59.2,39,126,3.2,2,7,17,0,0,35:00
2011,12,RAM,Sun,November 27,L,N,H,CRD,20,23,17,32,186,1,0,2,17,6.3,5.5,53.1,81.0,22,86,3.9,0,2,3,2,2,7,329,3,13,0,0,26:01,12,23,106,0,2,3,8,5.0,4.1,52.2,28.5,38,268,7.1,1,4,12,0,0,33:59
2011,13,RAM,Sun,December 4,L,N,A,SFO,0,26,12,22,126,0,1,4,30,7.1,4.8,54.5,52.5,23,31,1.3,0,0,0,0,0,8,317,3,13,0,1,23:55,17,25,245,2,0,4,29,11.0,8.4,68.0,126.2,34,144,4.2,0,4,14,0,0,36:05
2011,14,RAM,Mon,December 12,L,N,A,SEA,13,30,12,29,167,0,1,3,26,6.7,5.2,41.4,46.2,31,114,3.7,1,2,2,1,1,5,181,3,14,1,3,28:31,21,34,214,1,0,2,10,6.6,5.9,61.8,89.6,32,145,4.5,1,8,16,0,0,31:29
2011,15,RAM,Sun,December 18,L,N,H,CIN,13,20,25,36,210,1,0,3,19,6.4,5.4,69.4,93.5,24,95,4.0,0,2,3,1,1,7,300,2,13,0,1,29:57,15,26,173,0,1,1,6,6.9,6.4,57.7,61.9,34,110,3.2,2,3,11,0,1,30:03
2011,16,RAM,Sat,December 24,L,N,A,PIT,0,27,9,24,68,0,0,3,23,3.8,2.5,37.5,45.8,36,164,4.6,0,0,2,0,0,7,281,6,16,0,1,30:45,15,22,208,0,1,0,0,9.5,9.5,68.2,79.4,28,169,6.0,3,1,7,0,0,29:15
2011,17,RAM,Sun,January 1,L,N,H,SFO,27,34,14,34,200,1,2,3,26,6.6,5.4,41.2,46.2,25,111,4.4,2,2,2,3,3,6,304,5,15,0,1,24:52,21,31,205,2,0,3,22,7.3,6.0,67.7,107.6,37,116,3.1,2,6,16,1,1,35:08
2012,1,RAM,Sun,September 9,L,N,A,DET,23,27,17,25,173,1,0,4,25,7.9,6.0,68.0,100.9,26,77,3.0,0,3,3,2,2,5,241,4,12,0,0,30:06,32,48,346,1,3,1,9,7.4,7.1,66.7,68.6,18,83,4.6,2,4,9,0,0,29:54
2012,2,RAM,Sun,September 16,W,N,H,WAS,31,28,26,35,301,3,1,2,9,8.9,8.1,74.3,116.5,27,151,5.6,0,3,3,2,2,3,163,7,12,0,0,31:24,20,29,197,1,1,1,9,7.1,6.6,69.0,85.0,29,176,6.1,2,4,13,0,0,28:36
2012,3,RAM,Sun,September 23,L,N,A,CHI,6,23,18,35,101,0,2,6,51,4.3,2.5,51.4,33.6,17,59,3.5,0,2,2,0,0,6,279,3,13,0,1,26:04,17,31,171,0,1,2,12,5.9,5.2,54.8,57.3,34,103,3.0,1,4,14,1,1,33:56
2012,4,RAM,Sun,September 30,W,N,H,SEA,19,13,17,31,211,1,1,2,12,7.2,6.4,54.8,73.5,27,75,2.8,0,4,4,1,1,4,156,5,13,1,1,30:08,17,25,140,0,3,2,20,6.4,5.2,68.0,42.5,34,179,5.3,1,2,9,0,0,29:52
2012,5,RAM,Thu,October 4,W,N,H,CRD,17,3,7,21,131,2,1,1,10,6.7,6.0,33.3,67.8,32,111,3.5,0,1,1,2,2,7,398,4,14,0,0,25:38,28,50,237,0,0,9,52,5.8,4.0,56.0,68.5,17,45,2.6,0,7,19,0,2,34:22
2012,6,RAM,Sun,October 14,L,N,A,MIA,14,17,26,39,300,0,0,3,15,8.1,7.1,66.7,89.7,27,162,6.0,1,2,5,0,0,3,135,3,13,2,2,33:23,21,29,156,2,0,3,29,6.4,4.9,72.4,107.8,17,36,2.1,0,4,12,1,1,26:37
2012,7,RAM,Sun,October 21,L,N,H,GNB,20,30,21,34,246,1,1,3,9,7.5,6.6,61.8,81.2,22,108,4.9,1,2,2,2,2,2,99,4,11,1,3,27:02,30,37,332,3,0,3,10,9.2,8.3,81.1,131.1,26,70,2.7,0,9,15,0,0,32:58
2012,8,RAM,Sun,October 28,L,N,H,NWE,7,45,23,32,219,1,2,2,25,7.6,6.4,71.9,74.9,23,107,4.7,0,0,0,1,1,4,195,3,10,1,3,31:06,24,38,321,4,0,0,0,8.4,8.4,63.2,125.0,28,152,5.4,2,7,12,1,1,28:54
2012,10,RAM,Sun,November 11,T,Y,A,SFO,24,24,28,41,299,2,0,2,16,7.7,7.0,68.3,105.6,37,159,4.3,1,1,2,3,3,4,147,7,16,2,2,40:45,18,25,158,1,0,5,31,7.6,5.3,72.0,101.7,34,183,5.4,2,2,11,2,2,34:15
2012,11,RAM,Sun,November 18,L,N,H,NYJ,13,27,23,44,167,2,1,1,3,3.9,3.7,52.3,67.1,20,114,5.7,0,0,0,1,1,5,251,5,16,3,5,26:57,16,21,165,1,0,3,12,8.4,6.9,76.2,114.2,41,124,3.0,2,7,15,0,1,33:03
2012,12,RAM,Sun,November 25,W,N,A,CRD,31,17,8,18,194,2,1,2,11,11.4,9.7,44.4,97.9,34,173,5.1,0,1,2,4,4,6,260,3,11,0,0,28:09,31,52,301,0,4,2,11,6.0,5.6,59.6,43.8,23,74,3.2,2,4,13,0,2,31:51
2012,13,RAM,Sun,December 2,W,Y,H,SFO,16,13,26,39,208,0,0,2,13,5.7,5.1,66.7,79.9,27,85,3.1,0,2,3,0,0,9,388,3,16,0,1,35:40,21,32,191,0,0,3,17,6.5,5.5,65.6,81.6,36,148,4.1,1,8,19,0,1,38:54
2012,14,RAM,Sun,December 9,W,N,A,BUF,15,12,19,39,207,1,1,1,2,5.4,5.2,48.7,62.7,27,78,2.9,1,0,0,1,1,8,302,7,17,1,1,29:24,25,33,220,1,1,5,27,7.5,5.8,75.8,90.5,20,61,3.1,0,3,12,0,0,30:36
2012,15,RAM,Sun,December 16,L,N,H,MIN,22,36,35,55,345,3,1,4,32,6.9,5.8,63.6,91.9,18,87,4.8,0,0,1,2,2,4,164,3,13,1,3,29:33,17,24,109,0,0,2,22,5.5,4.2,70.8,80.0,33,213,6.5,2,2,11,1,1,30:27
2012,16,RAM,Sun,December 23,W,N,A,TAM,28,13,13,27,196,2,1,0,0,7.3,7.3,48.1,81.7,27,89,3.3,1,0,0,4,4,7,335,4,11,0,0,24:01,30,54,349,1,4,5,23,6.9,5.9,55.6,50.6,22,80,3.6,0,8,17,0,4,35:59
2012,17,RAM,Sun,December 30,L,N,A,SEA,13,20,25,42,252,1,1,0,0,6.0,6.0,59.5,74.7,19,79,4.2,0,2,3,1,1,5,243,2,11,1,2,27:11,15,19,209,1,0,6,41,13.2,8.4,78.9,130.0,30,153,5.1,1,5,12,0,0,32:49
2013,1,RAM,Sun,September 8,W,N,H,CRD,27,24,27,38,299,2,1,0,0,7.9,7.9,71.1,100.7,24,67,2.8,0,4,4,1,1,3,147,4,11,0,0,28:35,26,40,304,2,1,4,23,8.2,6.9,65.0,94.2,26,86,3.3,0,7,14,0,0,31:25
2013,2,RAM,Sun,September 15,L,N,A,ATL,24,31,32,55,352,3,1,0,0,6.4,6.4,58.2,87.8,18,69,3.8,0,1,1,3,3,6,298,7,17,2,2,29:43,33,43,357,2,0,2,17,8.7,7.9,76.7,116.1,16,36,2.3,1,7,13,0,0,30:17
2013,3,RAM,Sun,September 22,L,N,A,DAL,7,31,29,49,197,1,0,6,43,4.9,3.6,59.2,75.0,12,35,2.9,0,0,0,1,1,5,238,1,13,3,6,26:32,17,24,203,3,0,1,7,8.8,8.1,70.8,135.9,34,193,5.7,1,5,11,0,0,33:28
2013,4,RAM,Thu,September 26,L,N,H,SFO,11,35,19,41,170,1,1,5,32,4.9,3.7,46.3,55.9,19,18,0.9,0,1,1,0,0,11,490,3,17,0,0,28:15,15,23,151,2,0,2,16,7.3,6.0,65.2,112.8,40,219,5.5,3,6,15,1,1,31:45
2013,5,RAM,Sun,October 6,W,N,H,JAX,34,20,19,34,208,3,0,2,14,6.5,5.8,55.9,103.6,36,143,4.0,0,2,2,4,4,7,286,8,19,0,0,35:19,16,32,267,2,2,2,3,8.4,7.9,50.0,73.3,25,96,3.8,0,3,12,0,2,24:41
2013,6,RAM,Sun,October 13,W,N,A,HTX,38,13,12,16,117,3,0,0,0,7.3,7.3,75.0,134.6,25,99,4.0,0,1,1,5,5,3,135,3,7,0,0,24:50,27,38,267,0,2,5,17,7.5,6.2,71.1,68.6,30,153,5.1,1,6,14,2,3,35:10
2013,7,RAM,Sun,October 20,L,N,A,CAR,15,30,23,34,254,1,1,4,20,8.1,6.7,67.6,87.1,21,63,3.0,0,2,2,1,1,4,159,4,13,0,2,26:40,15,17,180,1,0,2,24,12.0,9.5,88.2,130.4,38,102,2.7,1,2,9,0,0,33:20
2013,8,RAM,Mon,October 28,L,N,H,SEA,9,14,15,31,139,0,2,3,19,5.1,4.1,48.4,34.2,37,200,5.4,0,3,4,0,0,4,182,5,14,0,1,38:09,10,18,91,2,0,7,48,7.7,3.6,55.6,106.5,15,44,2.9,0,2,11,0,0,21:51
2013,9,RAM,Sun,November 3,L,N,H,OTI,21,28,20,35,203,1,0,2,7,6.0,5.5,57.1,83.4,32,160,5.0,2,0,1,3,3,5,242,5,13,0,1,32:51,13,22,165,0,2,4,20,8.4,6.3,59.1,44.7,35,198,5.7,4,7,12,0,0,27:09
2013,10,RAM,Sun,November 10,W,N,A,CLT,38,8,9,16,232,2,0,2,15,15.4,12.9,56.3,140.6,37,140,3.8,1,1,1,5,5,5,242,7,15,0,1,30:38,31,52,388,1,4,3,33,8.1,7.1,59.6,57.2,14,18,1.3,0,2,12,0,2,29:22
2013,12,RAM,Sun,November 24,W,N,H,CHI,42,21,10,22,148,1,0,2,19,7.6,6.2,45.5,83.1,29,258,8.9,3,2,2,4,4,2,97,4,10,0,0,23:51,36,47,344,2,1,1,8,7.5,7.2,76.6,101.7,26,80,3.1,1,6,10,0,1,36:09
2013,13,RAM,Sun,December 1,L,N,A,SFO,13,23,19,38,198,1,1,3,20,5.7,4.8,50.0,63.3,26,114,4.4,0,2,2,1,1,5,244,4,13,0,2,26:56,19,28,255,1,0,4,20,9.8,8.0,67.9,108.5,30,83,2.8,1,4,12,0,0,33:04
2013,14,RAM,Sun,December 8,L,N,A,CRD,10,30,16,27,157,0,2,4,24,6.7,5.1,59.3,44.8,19,100,5.3,1,1,1,1,1,5,257,3,11,0,1,24:53,27,32,262,1,0,1,7,8.4,7.9,84.4,111.2,32,107,3.3,2,8,14,0,0,35:07
2013,15,RAM,Sun,December 15,W,N,H,NOR,27,16,14,20,158,2,0,0,0,7.9,7.9,70.0,126.7,34,144,4.2,1,2,2,3,3,4,167,7,14,0,0,27:48,39,56,371,1,2,4,22,7.0,6.2,69.6,78.8,20,61,3.1,1,5,15,4,4,32:12
2013,16,RAM,Sun,December 22,W,N,H,TAM,23,13,16,20,148,0,0,1,10,7.9,7.0,80.0,97.5,39,129,3.3,2,3,3,2,2,2,88,6,14,1,2,34:06,16,26,111,0,0,7,47,6.1,3.4,61.5,71.2,23,59,2.6,1,4,14,1,2,25:54
2013,17,RAM,Sun,December 29,L,N,A,SEA,9,27,21,30,145,1,2,2,12,5.2,4.5,70.0,63.9,18,13,0.7,0,1,1,0,0,7,337,2,11,0,0,26:20,15,23,158,1,0,4,14,7.5,5.9,65.2,99.5,36,111,3.1,1,4,13,1,1,33:40
2014,1,RAM,Sun,September 7,L,N,H,MIN,6,34,24,36,246,0,2,5,27,7.6,6.0,66.7,63.0,22,72,3.3,0,2,3,0,0,6,279,4,14,0,0,31:43,17,25,170,2,0,0,0,6.8,6.8,68.0,113.7,32,185,5.8,1,3,12,0,0,28:17
2014,2,RAM,Sun,September 14,W,N,A,TAM,19,17,22,29,220,0,0,2,15,8.1,7.1,75.9,96.9,29,119,4.1,1,4,4,1,1,2,98,5,11,0,0,32:05,16,21,175,0,1,1,4,8.5,8.0,76.2,80.5,30,157,5.2,2,4,8,0,0,27:55
2014,3,RAM,Sun,September 21,L,N,H,DAL,31,34,30,42,327,3,2,0,0,7.8,7.8,71.4,98.0,30,121,4.0,0,1,1,4,4,1,24,8,13,1,2,32:50,18,23,217,2,1,0,0,9.4,9.4,78.3,116.8,29,123,4.2,1,5,10,0,0,27:10
2014,5,RAM,Sun,October 5,L,N,A,PHI,28,34,29,49,341,3,0,4,34,7.7,6.4,59.2,100.8,23,125,5.4,1,0,0,4,4,5,166,7,14,0,1,32:59,24,37,207,2,1,0,0,5.6,5.6,64.9,86.2,33,145,4.4,0,8,15,0,0,27:01
2014,6,RAM,Mon,October 13,L,N,H,SFO,17,31,21,42,216,1,1,5,20,5.6,4.6,50.0,63.2,24,93,3.9,1,1,1,2,2,8,351,5,14,0,0,31:22,22,35,343,3,0,0,0,9.8,9.8,62.9,123.9,30,89,3.0,0,6,14,0,2,28:38
2014,7,RAM,Sun,October 19,W,N,H,SEA,28,26,18,21,173,2,0,0,0,8.2,8.2,85.7,132.7,27,102,3.8,1,0,1,4,4,3,153,4,9,1,1,27:36,23,36,292,2,0,3,21,8.7,7.5,63.9,107.6,29,171,5.9,1,6,12,0,0,32:24
2014,8,RAM,Sun,October 26,L,N,A,KAN,7,34,15,25,116,1,1,7,44,6.4,3.6,60.0,68.1,19,84,4.4,0,0,1,1,1,6,324,3,11,0,1,24:22,25,29,215,0,0,2,8,7.7,6.9,86.2,97.6,33,140,4.2,3,6,12,0,0,35:38
2014,9,RAM,Sun,November 2,W,N,A,SFO,13,10,13,24,102,1,2,1,3,4.4,4.1,54.2,44.1,27,91,3.4,0,2,2,1,1,6,281,4,12,0,0,27:34,22,33,183,1,0,8,54,7.2,4.5,66.7,90.8,21,80,3.8,0,3,12,0,0,32:26
2014,10,RAM,Sun,November 9,L,N,A,CRD,14,31,17,30,174,1,2,6,42,7.2,4.8,56.7,56.8,22,70,3.2,1,0,0,2,2,7,305,1,10,1,2,26:40,28,41,307,1,1,3,19,8.0,7.0,68.3,88.2,22,28,1.3,1,6,15,0,0,33:20
2014,11,RAM,Sun,November 16,W,N,H,DEN,22,7,20,29,206,1,0,3,14,7.6,6.4,69.0,100.6,33,131,4.0,0,5,5,1,1,6,260,6,17,0,0,35:50,34,54,369,1,2,2,20,7.2,6.6,63.0,73.8,10,28,2.8,0,4,12,0,3,24:10
2014,12,RAM,Sun,November 23,L,N,A,SDG,24,27,19,36,210,1,2,1,7,6.0,5.7,52.8,56.5,24,107,4.5,1,1,2,3,3,4,178,6,14,1,1,28:51,29,35,282,1,1,3,9,8.3,7.4,82.9,97.9,22,128,5.8,1,4,12,0,0,31:09
2014,13,RAM,Sun,November 30,W,N,H,RAI,52,0,13,22,176,2,0,1,7,8.3,7.7,59.1,115.0,26,172,6.6,4,1,1,7,7,6,275,1,8,0,0,23:04,29,48,183,0,3,6,47,4.8,3.4,60.4,42.3,21,61,2.9,0,4,18,0,1,36:56
2014,14,RAM,Sun,December 7,W,N,A,WAS,24,0,16,22,198,2,0,4,15,9.7,7.6,72.7,130.5,30,131,4.4,0,1,3,1,2,4,174,6,12,0,0,32:49,23,36,179,0,2,7,53,6.4,4.2,63.9,52.9,12,27,2.3,0,3,12,0,3,27:11
2014,15,RAM,Thu,December 11,L,N,H,CRD,6,12,20,39,211,0,1,2,18,5.9,5.1,51.3,56.7,20,69,3.5,0,2,2,0,0,8,404,4,15,0,1,25:36,16,30,131,0,0,1,8,4.6,4.2,53.3,64.7,33,143,4.3,0,5,17,0,0,34:24
2014,16,RAM,Sun,December 21,L,N,H,NYG,27,37,24,32,281,2,1,2,9,9.1,8.3,75.0,109.0,20,106,5.3,1,2,2,3,3,4,202,1,6,0,0,25:13,25,32,386,3,0,1,5,12.2,11.7,78.1,148.2,34,128,3.8,1,8,17,0,0,34:47
2014,17,RAM,Sun,December 28,L,N,A,SEA,6,20,26,37,203,0,2,4,40,6.6,5.0,70.3,61.0,19,42,2.2,0,2,2,0,0,5,247,3,12,0,1,28:49,17,25,222,0,1,3,17,9.6,7.9,68.0,79.1,34,132,3.9,1,7,15,0,1,31:11
2015,1,RAM,Sun,September 13,W,Y,H,SEA,34,31,18,27,276,1,0,2,21,11.0,9.5,66.7,112.6,26,76,2.9,2,2,2,4,4,3,142,6,11,0,0,28:32,32,41,219,1,1,6,32,6.1,4.7,78.0,86.9,32,124,3.9,0,8,19,1,2,37:28
2015,2,RAM,Sun,September 20,L,N,A,WAS,10,24,17,32,146,1,0,1,4,4.7,4.4,53.1,75.8,13,67,5.2,0,1,1,1,1,8,381,2,12,0,1,22:16,23,27,191,1,0,2,12,7.5,6.6,85.2,108.5,37,182,4.9,2,8,16,0,0,37:44
2015,3,RAM,Sun,September 27,L,N,H,PIT,6,12,19,29,187,0,1,2,10,6.8,6.0,65.5,69.2,18,71,3.9,0,2,2,0,0,4,170,2,10,0,2,27:41,25,30,197,0,1,5,33,7.7,5.6,83.3,80.1,22,62,2.8,1,6,12,0,0,32:19
2015,4,RAM,Sun,October 4,W,N,A,CRD,24,22,16,24,164,3,0,1,7,7.1,6.6,66.7,125.7,26,164,6.3,0,1,1,3,3,7,348,5,13,0,0,26:47,29,46,334,1,1,4,18,7.7,6.7,63.0,83.1,21,113,5.4,0,2,11,1,2,33:13
2015,5,RAM,Sun,October 11,L,N,A,GNB,10,24,12,31,143,1,4,3,18,5.2,4.2,38.7,24.7,36,191,5.3,0,1,4,1,1,4,181,5,18,1,1,33:43,19,30,236,2,2,2,5,8.0,7.4,63.3,82.1,27,86,3.2,0,4,13,0,1,26:17
2015,7,RAM,Sun,October 25,W,N,H,CLE,24,6,15,23,150,0,0,2,13,7.1,6.0,65.2,83.6,26,158,6.1,2,1,3,3,3,5,244,1,9,0,0,24:27,30,37,282,0,0,4,15,8.0,6.9,81.1,98.4,24,82,3.4,0,3,12,0,1,35:33
2015,8,RAM,Sun,November 1,W,N,H,SFO,27,6,14,23,191,1,0,0,0,8.3,8.3,60.9,101.9,41,197,4.8,2,1,2,2,2,8,436,1,12,0,0,31:58,20,41,151,0,0,3,11,4.0,3.4,48.8,58.1,21,38,1.8,0,3,17,0,1,28:02
2015,9,RAM,Sun,November 8,L,Y,A,MIN,18,21,18,33,160,0,0,1,8,5.1,4.7,54.5,67.7,36,160,4.4,1,4,5,0,0,8,372,2,16,1,1,32:27,15,27,148,0,1,1,11,5.9,5.3,55.6,55.8,35,145,4.1,2,3,13,0,0,33:13
2015,10,RAM,Sun,November 15,L,N,H,CHI,13,37,17,37,191,0,1,1,9,5.4,5.0,45.9,50.6,21,94,4.5,1,2,2,1,1,6,296,4,14,0,2,25:38,19,24,244,3,0,2,14,10.8,9.4,79.2,148.6,37,153,4.1,1,3,12,1,1,34:22
2015,11,RAM,Sun,November 22,L,N,A,RAV,13,16,12,26,131,1,0,1,5,5.2,4.9,46.2,74.4,29,82,2.8,1,0,1,1,2,8,367,3,13,0,0,27:08,27,44,292,1,2,1,7,6.8,6.5,61.4,69.5,28,96,3.4,0,4,16,0,1,32:52
2015,12,RAM,Sun,November 29,L,N,A,CIN,7,31,36,53,251,0,3,1,8,4.9,4.6,67.9,54.8,17,94,5.5,1,0,0,1,1,5,225,6,15,1,3,29:53,21,28,236,3,1,0,0,8.4,8.4,75.0,120.5,31,140,4.5,0,3,10,0,1,30:07
2015,13,RAM,Sun,December 6,L,N,H,CRD,3,27,15,35,146,0,1,0,0,4.2,4.2,42.9,43.3,15,66,4.4,0,1,1,0,0,8,436,1,12,1,2,20:13,27,41,349,2,0,2,13,8.8,8.1,65.9,108.7,36,175,4.9,1,7,16,0,1,39:47
2015,14,RAM,Sun,December 13,W,N,H,DET,21,14,14,22,114,0,1,1,10,5.6,5.0,63.6,57.8,29,203,7.0,2,0,0,3,3,6,284,4,11,0,0,26:10,30,46,220,2,1,4,25,5.3,4.4,65.2,81.8,20,111,5.6,0,5,13,0,1,33:50
2015,15,RAM,Thu,December 17,W,N,H,TAM,31,23,14,17,221,2,0,2,13,13.8,11.6,82.4,158.0,33,98,3.0,2,1,1,4,4,5,220,2,10,0,0,28:40,29,50,363,2,1,0,0,7.3,7.3,58.0,85.7,27,146,5.4,0,3,10,0,1,31:20
2015,16,RAM,Sun,December 27,W,N,A,SEA,23,17,14,23,103,1,0,0,0,4.5,4.5,60.9,86.0,30,102,3.4,1,1,1,2,3,6,240,5,12,0,0,27:54,25,41,253,2,1,4,36,7.0,5.6,61.0,84.7,22,59,2.7,0,8,17,1,1,32:06
2015,17,RAM,Sun,January 3,L,Y,A,SFO,16,19,22,38,231,0,0,0,0,6.1,6.1,57.9,75.7,33,133,4.0,1,3,5,1,1,5,259,3,13,0,1,38:30,28,44,350,1,1,1,4,8.0,7.8,63.6,86.4,33,108,3.3,0,8,18,0,1,33:03
2016,1,RAM,Mon,September 12,L,N,A,SFO,0,28,17,35,120,0,2,2,10,3.7,3.2,48.6,33.0,23,65,2.8,0,0,0,0,0,10,431,3,15,1,2,27:50,22,35,170,1,0,0,0,4.9,4.9,62.9,84.2,42,150,3.6,3,8,17,1,2,32:10
2016,2,RAM,Sun,September 18,W,N,H,SEA,9,3,18,30,219,0,0,3,20,8.0,6.6,60.0,82.5,25,64,2.6,0,3,3,0,0,6,237,3,12,0,0,29:57,22,35,239,0,0,2,15,7.3,6.5,62.9,82.9,24,67,2.8,0,4,13,0,0,30:03
2016,3,RAM,Sun,September 25,W,N,A,TAM,37,32,14,26,183,2,1,1,7,7.3,6.8,53.8,85.9,33,137,4.2,2,1,1,4,4,5,256,6,13,0,0,26:24,36,58,389,3,1,2,16,7.0,6.5,62.1,91.8,22,83,3.8,1,8,16,2,2,33:36
2016,4,RAM,Sun,October 2,W,N,A,CRD,17,13,18,30,247,2,0,2,19,8.9,7.7,60.0,108.6,23,41,1.8,0,1,1,2,2,6,277,6,14,0,1,27:51,27,47,302,1,3,3,23,6.9,6.0,57.4,57.2,25,118,4.7,0,6,13,0,0,32:09
2016,5,RAM,Sun,October 9,L,N,H,BUF,19,30,21,31,243,0,2,4,28,8.7,6.9,67.7,64.3,29,102,3.5,1,4,4,1,1,2,109,4,12,0,2,35:34,12,23,112,2,0,2,12,5.4,4.5,52.2,94.8,27,193,7.1,1,4,12,0,0,24:26
2016,6,RAM,Sun,October 16,L,N,A,DET,28,31,27,32,311,3,1,1,10,10.0,9.4,84.4,125.4,22,76,3.5,1,0,0,4,4,2,94,6,9,0,1,27:48,23,31,265,4,0,1,5,8.7,8.3,74.2,139.1,26,83,3.2,0,6,11,2,2,32:12
2016,7,RAM,Sun,October 23,L,N,H,NYG,10,17,32,53,271,1,4,3,20,5.5,4.8,60.4,48.5,20,74,3.7,0,1,1,1,1,7,322,9,19,1,1,35:03,24,37,196,0,0,0,0,5.3,5.3,64.9,78.2,20,36,1.8,1,4,19,0,0,24:57
2016,9,RAM,Sun,November 6,L,N,H,CAR,10,13,27,46,280,1,1,4,16,6.4,5.6,58.7,74.5,17,59,3.5,0,1,3,1,1,5,243,4,14,2,3,25:48,20,32,185,1,0,5,40,7.0,5.0,62.5,88.7,25,59,2.4,0,6,15,0,0,34:12
2016,10,RAM,Sun,November 13,W,N,A,NYJ,9,6,17,30,155,0,0,3,10,5.5,4.7,56.7,70.8,34,125,3.7,0,3,3,0,0,7,362,6,17,0,0,34:29,19,32,157,1,1,1,6,5.1,4.8,59.4,69.4,25,139,5.6,0,4,12,0,0,25:31
2016,11,RAM,Sun,November 20,L,N,H,MIA,10,14,17,31,125,0,0,1,9,4.3,3.9,54.8,64.6,28,102,3.6,1,1,2,1,1,8,364,2,13,1,1,31:19,24,34,142,2,1,4,30,5.1,3.7,70.6,85.7,19,98,5.2,0,1,11,0,0,28:41
2016,12,RAM,Sun,November 27,L,N,A,NOR,21,49,20,32,178,3,1,3,36,6.7,5.1,62.5,95.6,17,69,4.1,0,0,0,3,3,6,294,2,10,0,1,24:04,29,37,346,5,0,2,14,9.7,8.9,78.4,145.2,32,209,6.5,2,6,13,2,2,35:56
2016,13,RAM,Sun,December 4,L,N,A,NWE,10,26,14,32,126,1,2,4,35,5.0,3.5,43.8,39.3,13,36,2.8,0,1,1,1,1,8,430,1,12,1,1,22:03,33,46,269,1,0,0,0,5.8,5.8,71.7,93.5,29,133,4.6,1,4,16,2,2,37:57
2016,14,RAM,Sun,December 11,L,N,H,ATL,14,42,24,41,208,0,2,3,27,5.7,4.7,58.5,51.7,23,104,4.5,2,0,0,2,2,7,340,6,14,0,0,32:52,18,30,220,3,0,2,17,7.9,6.9,60.0,116.0,25,66,2.6,1,4,13,0,0,27:08
2016,15,RAM,Thu,December 15,L,N,A,SEA,3,24,18,35,136,0,0,4,31,4.8,3.5,51.4,61.1,17,47,2.8,0,1,1,0,0,4,216,3,12,0,4,27:29,19,26,227,3,1,2,2,8.8,8.1,73.1,121.8,30,72,2.4,0,7,15,1,1,32:31
2016,16,RAM,Sat,December 24,L,N,H,SFO,21,22,11,24,78,1,2,4,12,3.8,2.8,45.8,33.0,29,99,3.4,2,0,0,3,3,8,368,4,13,1,1,28:57,28,37,253,2,1,4,13,7.2,6.2,75.7,100.4,29,70,2.4,1,6,16,1,1,31:03
2016,17,RAM,Sun,January 1,L,N,H,CRD,6,44,17,28,71,0,2,7,72,5.1,2.0,60.7,35.4,22,52,2.4,0,2,2,0,0,7,337,2,14,1,2,32:02,22,42,260,3,2,1,3,6.3,6.0,52.4,75.5,24,84,3.5,1,4,14,1,2,27:58
2017,1,RAM,Sun,September 10,W,N,H,CLT,46,9,22,30,310,1,0,1,8,10.6,10.0,73.3,117.4,33,63,1.9,2,3,3,5,5,5,218,5,14,0,0,34:25,11,21,150,0,2,4,29,8.5,6.0,52.4,35.9,24,75,3.1,1,0,10,0,1,25:35
2017,2,RAM,Sun,September 17,L,N,H,WAS,20,27,15,25,235,1,1,2,12,9.9,8.7,60.0,87.9,22,97,4.4,1,2,2,2,2,4,182,5,12,1,1,23:41,18,27,156,1,0,2,23,6.6,5.4,66.7,94.1,39,229,5.9,2,5,13,0,0,36:19
2017,3,RAM,Thu,September 21,W,N,A,SFO,41,39,22,28,292,3,0,0,0,10.4,10.4,78.6,145.8,32,126,3.9,2,2,2,5,5,2,113,8,12,0,0,29:43,23,37,308,2,1,4,24,9.0,7.5,62.2,95.3,33,113,3.4,3,9,18,2,3,30:17
2017,4,RAM,Sun,October 1,W,N,A,DAL,35,30,21,36,244,2,0,1,11,7.1,6.6,58.3,97.5,31,168,5.4,0,7,7,2,2,2,108,5,13,0,0,30:32,20,36,251,3,1,2,1,7.0,6.6,55.6,93.6,27,189,7.0,1,7,14,1,2,29:28
2017,5,RAM,Sun,October 8,L,N,H,SEA,10,16,22,47,275,0,2,2,13,6.1,5.6,46.8,47.7,22,100,4.5,1,1,2,1,1,3,136,8,15,0,1,28:44,24,38,179,1,2,3,19,5.2,4.4,63.2,61.2,25,62,2.5,0,8,17,0,0,31:16
2017,6,RAM,Sun,October 15,W,N,A,JAX,27,17,11,21,107,1,0,3,17,5.9,4.5,52.4,82.8,32,142,4.4,0,2,2,3,3,7,322,4,13,0,0,28:01,23,35,220,1,1,5,21,6.9,5.5,65.7,80.7,26,169,6.5,1,4,15,1,1,31:59
2017,7,RAM,Sun,October 22,W,N,H,CRD,33,0,22,37,228,1,1,1,7,6.4,6.0,59.5,75.1,40,197,4.9,2,4,4,3,3,2,119,13,19,0,0,39:01,15,32,171,0,2,3,17,5.9,4.9,46.9,37.4,12,25,2.1,0,3,12,1,2,20:59
2017,9,RAM,Sun,November 5,W,N,A,NYG,51,17,14,22,311,4,0,0,0,14.1,14.1,63.6,146.8,39,162,4.2,2,3,3,6,6,2,75,6,12,0,1,30:30,20,38,208,2,1,2,12,5.8,5.2,52.6,75.3,26,111,4.3,0,8,16,0,0,29:30
2017,10,RAM,Sun,November 12,W,N,H,HTX,33,7,26,38,339,3,0,3,22,9.5,8.3,68.4,122.6,25,104,4.2,0,4,4,3,3,4,205,6,16,0,1,31:31,18,36,194,1,2,3,27,6.1,5.0,50.0,52.3,25,89,3.6,0,4,12,0,1,28:29
2017,11,RAM,Sun,November 19,L,N,A,MIN,7,24,23,37,209,0,0,2,16,6.1,5.4,62.2,77.4,17,45,2.6,1,0,0,1,1,6,254,3,11,0,1,22:38,27,38,280,1,0,0,0,7.4,7.4,71.1,100.8,35,171,4.9,2,7,14,1,1,37:22
2017,12,RAM,Sun,November 26,W,N,H,NOR,26,20,28,44,327,2,1,4,27,8.0,6.8,63.6,91.8,25,88,3.5,0,4,5,2,2,3,138,3,14,0,0,35:26,22,32,223,1,0,3,23,7.7,6.4,68.8,98.8,17,123,7.2,1,3,13,1,1,24:34
2017,13,RAM,Sun,December 3,W,N,A,CRD,32,16,21,31,213,2,1,1,7,7.1,6.7,67.7,95.2,24,90,3.8,0,4,4,2,3,4,207,3,11,1,1,28:58,18,32,187,1,2,7,34,6.9,4.8,56.3,57.7,24,118,4.9,1,7,15,0,0,31:02
2017,14,RAM,Sun,December 10,L,N,H,PHI,35,43,16,26,198,2,0,2,1,7.7,7.1,61.5,110.7,17,109,6.4,2,0,0,5,5,5,282,2,7,0,0,20:48,29,51,316,4,1,2,17,6.5,6.0,56.9,93.3,32,139,4.3,0,8,20,2,2,39:12
2017,15,RAM,Sun,December 17,W,N,A,SEA,42,7,15,23,108,2,1,2,16,5.4,4.3,65.2,86.9,43,244,5.7,3,2,2,4,5,5,213,6,16,1,3,36:46,14,30,71,1,0,7,71,4.7,1.9,46.7,64.6,17,78,4.6,0,4,14,0,0,23:14
2017,16,RAM,Sun,December 24,W,N,A,OTI,27,23,22,39,286,4,0,1,15,7.7,7.2,56.4,113.8,26,116,4.5,0,0,1,3,4,4,200,6,14,1,2,30:04,22,39,269,0,1,1,6,7.1,6.7,56.4,67.1,26,97,3.7,1,3,12,0,1,29:56
2017,17,RAM,Sun,December 31,L,N,H,SFO,13,34,20,34,149,0,0,3,20,5.0,4.0,58.8,69.4,26,102,3.9,1,2,2,1,1,7,341,5,15,1,1,30:51,20,33,292,2,2,0,0,8.8,8.8,60.6,84.4,30,169,5.6,2,6,12,0,0,29:09
2018,1,RAM,Mon,September 10,W,N,A,RAI,33,13,18,33,225,2,0,1,8,7.1,6.6,54.5,96.1,26,140,5.4,0,4,5,3,3,2,117,4,11,0,0,28:29,29,40,300,0,3,1,3,7.6,7.3,72.5,62.5,23,95,4.1,1,5,11,0,0,31:31
2018,2,RAM,Sun,September 16,W,N,H,CRD,34,0,24,32,342,1,1,2,12,11.1,10.1,75.0,106.5,33,90,2.7,3,1,1,1,1,2,102,8,15,1,3,34:08,17,27,83,0,1,1,7,3.3,3.0,63.0,51.9,15,54,3.6,0,3,12,1,1,25:52
2018,3,RAM,Sun,September 23,W,N,H,SDG,35,23,29,36,350,3,1,1,4,9.8,9.5,80.6,123.4,35,171,4.9,1,0,1,5,5,1,49,8,11,0,0,34:16,18,30,215,2,0,2,11,7.5,6.7,60.0,104.2,20,141,7.1,1,7,13,1,2,25:44
2018,4,RAM,Thu,September 27,W,N,H,MIN,38,31,26,34,456,5,0,1,9,13.7,13.0,76.5,157.5,20,100,5.0,0,1,2,5,5,2,71,1,6,0,1,27:46,36,50,392,3,0,4,30,8.4,7.3,72.0,114.7,17,54,3.2,0,8,16,2,2,32:14
2018,5,RAM,Sun,October 7,W,N,A,SEA,33,31,23,32,313,1,2,1,8,10.0,9.5,71.9,87.1,30,155,5.2,3,2,2,3,4,1,38,3,9,1,1,29:30,13,21,183,3,0,2,15,9.4,8.0,61.9,129.6,32,190,5.9,1,7,12,0,0,30:30
2018,6,RAM,Sun,October 14,W,N,A,DEN,23,20,14,28,174,0,1,5,27,7.2,5.3,50.0,54.8,39,270,6.9,2,3,4,2,2,3,120,8,17,1,1,35:10,25,41,297,2,1,2,25,7.9,6.9,61.0,89.2,17,60,3.5,0,3,10,0,1,24:50
2018,7,RAM,Sun,October 21,W,N,A,SFO,39,10,18,24,193,2,0,1,9,8.4,7.7,75.0,125.9,36,146,4.1,2,3,3,4,4,4,122,5,12,0,0,32:51,15,27,121,1,2,7,49,6.3,3.6,55.6,48.5,24,107,4.5,0,3,11,0,1,27:09
2018,8,RAM,Sun,October 28,W,N,H,GNB,29,27,20,36,281,3,0,5,26,8.5,6.9,55.6,108.7,34,135,4.0,0,2,2,1,1,7,316,8,18,1,1,34:10,18,30,253,1,0,3,33,9.5,7.7,60.0,98.3,19,106,5.6,2,2,9,0,0,25:50
2018,9,RAM,Sun,November 4,L,N,A,NOR,35,45,28,40,391,3,1,0,0,9.8,9.8,70.0,115.7,19,92,4.8,1,2,3,3,3,1,47,3,8,0,2,26:19,25,36,346,4,0,0,0,9.6,9.6,69.4,137.0,34,141,4.1,2,7,12,2,2,33:41
2018,10,RAM,Sun,November 11,W,N,H,SEA,36,31,28,39,307,2,0,2,11,8.2,7.5,71.8,111.8,23,149,6.5,2,3,3,3,3,2,89,5,10,0,0,29:23,17,26,141,3,0,4,35,6.8,4.7,65.4,117.6,34,273,8.0,1,2,9,0,1,30:37
2018,11,RAM,Mon,November 19,W,N,H,KAN,54,51,31,49,379,4,0,5,34,8.4,7.0,63.3,114.2,21,76,3.6,1,2,2,6,7,4,222,5,14,1,1,30:23,33,46,448,6,3,3,30,10.4,9.1,71.7,114.9,20,98,4.9,0,5,10,1,1,29:37
2018,13,RAM,Sun,December 2,W,N,A,DET,30,16,17,33,195,1,1,2,12,6.3,5.6,51.5,67.1,29,149,5.1,2,3,3,3,3,3,151,5,11,0,0,28:16,20,34,208,1,1,4,37,7.2,5.5,58.8,74.1,26,102,3.9,0,2,12,0,0,31:44
2018,14,RAM,Sun,December 9,L,N,A,CHI,6,15,21,45,162,0,4,3,25,4.2,3.4,46.7,18.9,13,52,4.0,0,2,3,0,0,3,146,3,12,1,3,23:11,16,30,100,1,3,1,10,3.7,3.2,53.3,31.9,35,194,5.5,0,7,16,0,0,36:49
2018,15,RAM,Sun,December 16,L,N,H,PHI,23,30,35,54,325,0,1,2,14,6.3,5.8,64.8,73.5,18,82,4.6,2,3,3,2,2,3,169,4,12,0,1,28:24,24,31,270,0,1,0,0,8.7,8.7,77.4,89.4,30,111,3.7,3,4,13,0,1,31:36
2018,16,RAM,Sun,December 23,W,N,A,CRD,31,9,19,24,192,1,0,2,24,9.0,7.4,79.2,113.9,41,269,6.6,3,1,2,4,4,2,103,6,9,0,0,37:04,18,31,159,1,0,4,23,5.9,4.5,58.1,82.6,18,104,5.8,0,2,11,1,2,22:56
2018,17,RAM,Sun,December 30,W,N,H,SFO,48,32,17,29,222,4,0,0,0,7.7,7.7,58.6,122.4,42,155,3.7,1,2,2,6,6,3,130,10,16,0,1,31:50,23,33,264,3,3,3,18,8.5,7.3,69.7,85.9,22,127,5.8,1,3,11,1,1,28:10
2019,1,RAM,Sun,September 8,W,N,A,CAR,30,27,23,39,183,1,1,1,3,4.8,4.6,59.0,68.6,32,166,5.2,2,3,4,3,3,4,144,9,17,0,0,33:16,25,38,216,0,1,3,23,6.3,5.3,65.8,69.6,23,127,5.5,3,5,11,0,0,26:44
2019,2,RAM,Sun,September 15,W,N,H,NOR,27,9,19,28,265,1,0,3,18,10.1,8.5,67.9,110.0,30,115,3.8,2,2,2,3,3,4,199,5,13,0,0,30:21,20,35,187,0,1,2,16,5.8,5.1,57.1,60.1,20,57,2.9,0,4,13,0,1,29:39
2019,3,RAM,Sun,September 22,W,N,A,CLE,20,13,24,38,254,2,2,2,14,7.1,6.4,63.2,78.2,24,90,3.8,0,2,3,2,2,2,79,6,14,0,0,28:23,18,36,175,1,1,3,20,5.4,4.5,50.0,61.7,24,95,4.0,0,6,16,0,2,31:37
2019,4,RAM,Sun,September 29,L,N,H,TAM,40,55,45,68,490,2,3,2,27,7.6,7.0,66.2,78.7,11,28,2.5,2,2,2,4,4,1,41,4,11,0,1,27:24,28,41,376,4,1,2,9,9.4,8.7,68.3,119.6,30,88,2.9,2,8,13,0,0,32:36
2019,5,RAM,Thu,October 3,L,N,A,SEA,29,30,29,49,395,1,1,0,0,8.1,8.1,59.2,83.3,18,82,4.6,2,3,4,2,2,3,153,3,11,0,0,24:42,17,23,262,4,0,1,6,11.7,10.9,73.9,150.7,43,167,3.9,0,3,10,1,1,35:18
2019,6,RAM,Sun,October 13,L,N,H,SFO,7,20,13,24,48,0,0,4,30,3.3,1.7,54.2,59.7,22,109,5.0,1,0,0,1,1,5,269,0,9,0,4,21:08,24,33,232,0,1,2,11,7.4,6.6,72.7,79.4,41,99,2.4,2,8,17,1,1,38:52
2019,7,RAM,Sun,October 20,W,N,A,ATL,37,10,23,38,291,2,0,0,0,7.7,7.7,60.5,102.0,36,90,2.5,1,3,4,4,4,3,95,8,16,1,1,37:09,22,33,186,1,1,5,38,6.8,4.9,66.7,78.6,15,38,2.5,0,3,12,0,0,22:51
2019,8,RAM,Sun,October 27,W,N,H,CIN,24,10,17,31,372,2,0,0,0,12.0,12.0,54.8,119.3,26,98,3.8,1,1,1,3,3,5,222,7,13,0,0,27:17,32,52,297,1,0,5,32,6.3,5.2,61.5,83.6,22,104,4.7,0,6,18,4,6,32:43
2019,10,RAM,Sun,November 10,L,N,A,PIT,12,17,22,42,218,0,3,4,25,5.8,4.7,52.4,37.6,23,88,3.8,0,1,2,1,1,8,379,1,14,0,2,28:20,22,38,231,1,0,3,11,6.4,5.6,57.9,84.4,27,42,1.6,0,5,16,1,1,31:40
2019,11,RAM,Sun,November 17,W,N,H,CHI,17,7,11,18,173,0,1,0,0,9.6,9.6,61.1,69.9,34,110,3.2,2,1,1,2,2,6,329,3,10,0,0,27:16,25,47,193,1,1,3,6,4.2,3.9,53.2,61.7,24,74,3.1,0,6,17,0,2,32:44
2019,12,RAM,Mon,November 25,L,N,H,RAV,6,45,26,37,199,0,2,2,13,5.7,5.1,70.3,60.5,9,22,2.4,0,2,2,0,0,4,200,2,9,1,1,20:04,16,23,195,5,0,3,13,9.0,7.5,69.6,135.0,48,285,5.9,1,9,15,3,3,39:56
2019,13,RAM,Sun,December 1,W,N,A,CRD,34,7,33,45,417,2,0,1,10,9.5,9.1,73.3,116.6,30,132,4.4,1,2,3,4,4,4,165,8,15,0,1,34:37,19,34,124,0,1,6,39,4.8,3.1,55.9,51.6,21,74,3.5,1,2,13,2,4,25:23
2019,14,RAM,Sun,December 8,W,N,H,SEA,28,12,22,32,293,2,2,0,0,9.2,9.2,68.8,92.3,35,162,4.6,2,0,1,4,4,3,152,7,13,0,0,31:04,22,36,202,0,1,5,43,6.8,4.9,61.1,64.8,21,106,5.0,0,5,14,1,2,28:56
2019,15,RAM,Sun,December 15,L,N,A,DAL,21,44,34,52,267,2,1,2,22,5.6,4.9,65.4,82.8,14,22,1.6,1,0,0,1,1,5,279,4,12,1,2,23:54,15,23,212,2,0,0,0,9.2,9.2,65.2,123.8,45,263,5.8,3,7,13,1,1,36:06
2019,16,RAM,Sat,December 21,L,N,A,SFO,31,34,27,46,323,2,1,0,0,7.0,7.0,58.7,85.7,24,72,3.0,2,1,2,4,4,6,266,5,13,0,0,32:21,16,27,215,1,2,6,33,9.2,6.5,59.3,66.1,23,119,5.2,2,4,10,0,0,27:39
2019,17,RAM,Sun,December 29,W,N,H,CRD,31,24,29,45,311,3,0,1,8,7.1,6.8,64.4,106.8,33,113,3.4,1,1,2,4,4,4,156,11,18,0,1,36:58,27,43,322,2,2,1,3,7.6,7.3,62.8,81.7,17,71,4.2,1,5,10,0,0,23:02
2020,1,RAM,Sun,September 13,W,N,H,DAL,20,17,20,31,269,0,1,1,6,8.9,8.4,64.5,78.6,40,153,3.8,2,2,3,2,2,3,142,9,17,1,1,35:38,25,39,244,1,0,3,22,6.8,5.8,64.1,90.1,27,136,5.0,1,3,12,1,3,24:22
2020,2,RAM,Sun,September 20,W,N,A,PHI,37,19,20,27,258,3,0,1,9,9.9,9.2,74.1,140.7,39,191,4.9,2,1,1,4,5,2,96,7,12,1,1,31:13,26,43,242,0,2,0,0,5.6,5.6,60.5,56.5,26,121,4.7,2,7,12,0,1,28:47
2020,3,RAM,Sun,September 27,L,N,A,BUF,32,35,23,32,311,2,1,2,10,10.0,9.1,71.9,110.3,32,167,5.2,2,1,2,3,3,0,0,6,10,0,1,32:12,24,33,274,4,1,4,37,9.4,7.4,72.7,124.2,21,101,4.8,1,5,10,1,1,27:48
2020,4,RAM,Sun,October 4,W,N,H,NYG,17,9,25,32,182,1,0,2,18,6.3,5.4,78.1,100.8,23,58,2.5,1,1,1,2,2,5,280,5,13,1,1,26:42,23,36,159,0,1,5,31,5.3,3.9,63.9,62.2,25,136,5.4,0,4,13,1,2,33:18
2020,5,RAM,Sun,October 11,W,N,A,WAS,30,10,21,30,300,2,1,1,9,10.3,9.7,70.0,110.4,35,129,3.7,2,1,1,3,4,5,205,6,15,0,1,35:35,18,30,70,0,0,8,41,3.7,1.8,60.0,64.6,14,38,2.7,1,2,13,0,1,24:25
2020,6,RAM,Sun,October 18,L,N,A,SFO,16,24,19,38,198,2,1,0,0,5.2,5.2,50.0,72.0,19,113,5.9,0,1,1,1,2,6,291,4,12,0,1,22:05,23,33,268,3,0,0,0,8.1,8.1,69.7,124.3,37,122,3.3,0,5,13,1,1,37:55
2020,7,RAM,Mon,October 26,W,N,H,CHI,24,10,23,33,211,2,0,1,9,6.7,6.2,69.7,107.0,34,160,4.7,1,1,2,3,3,5,221,4,13,0,0,32:35,28,40,230,0,2,4,31,6.5,5.2,70.0,63.5,17,49,2.9,0,4,14,1,4,27:25
2020,8,RAM,Sun,November 1,L,N,A,MIA,17,28,35,61,340,1,2,2,15,5.8,5.4,57.4,64.9,29,131,4.5,1,1,2,2,2,6,284,7,17,0,1,36:30,12,22,90,1,0,1,3,4.2,3.9,54.5,79.7,25,55,2.2,1,3,12,0,0,23:30
2020,10,RAM,Sun,November 15,W,N,H,SEA,23,16,27,37,283,0,0,3,19,8.2,7.1,73.0,94.8,29,106,3.7,3,1,1,2,3,4,158,9,15,1,1,33:36,22,37,220,0,2,6,28,6.7,5.1,59.5,53.9,22,113,5.1,1,7,14,0,0,26:24
2020,11,RAM,Mon,November 23,W,N,A,TAM,27,24,39,51,376,3,2,0,0,7.4,7.4,76.5,99.8,20,37,1.9,0,2,3,3,3,5,217,8,15,0,0,33:13,26,48,209,2,2,1,7,4.5,4.3,54.2,61.9,18,42,2.3,1,7,14,0,1,26:47
2020,12,RAM,Sun,November 29,L,N,H,SFO,20,23,19,31,182,0,2,2,16,6.4,5.5,61.3,50.7,28,126,4.5,1,2,2,2,2,7,343,4,13,0,0,25:57,24,35,233,0,1,2,19,7.2,6.3,68.6,75.1,33,112,3.4,1,3,14,1,1,34:03
2020,13,RAM,Sun,December 6,W,N,A,CRD,38,28,37,47,344,1,0,1,7,7.5,7.2,78.7,104.3,31,119,3.8,3,1,2,5,5,1,44,9,15,1,3,38:53,21,39,140,3,1,2,33,4.4,3.4,53.8,76.9,21,92,4.4,1,4,12,2,2,21:07
2020,14,RAM,Thu,December 10,W,N,H,NWE,24,3,16,25,132,1,1,1,5,5.5,5.1,64.0,74.1,36,186,5.2,1,1,1,3,3,6,248,3,14,2,2,31:46,14,23,113,0,1,6,33,6.3,3.9,60.9,55.2,29,107,3.7,0,3,13,0,3,28:14
2020,15,RAM,Sun,December 20,L,N,H,NYJ,20,23,22,34,189,2,1,3,20,6.1,5.1,64.7,86.5,19,114,6.0,0,2,2,2,2,5,179,2,11,0,1,25:45,22,31,196,1,0,2,11,6.7,5.9,71.0,98.3,31,93,3.0,1,7,17,1,1,34:15
2020,16,RAM,Sun,December 27,L,N,A,SEA,9,20,24,43,216,0,1,3,18,5.4,4.7,55.8,59.8,29,118,4.1,0,3,3,0,0,4,169,9,19,0,2,32:50,20,32,197,1,0,5,28,7.0,5.3,62.5,90.2,24,95,4.0,1,8,17,0,0,27:10
2020,17,RAM,Sun,January 3,W,N,H,CRD,18,7,22,38,223,0,1,2,8,6.1,5.6,57.9,63.8,30,110,3.7,0,3,3,1,1,5,222,6,15,1,1,37:51,19,27,166,1,1,4,26,7.1,5.4,70.4,83.3,18,48,2.7,0,2,9,0,0,22:09
2021,1,RAM,Sun,September 12,W,N,H,CHI,34,14,20,26,312,3,0,1,9,12.3,11.6,76.9,154.6,23,74,3.2,1,2,2,4,4,1,50,6,11,1,1,24:46,29,40,188,0,1,3,28,5.4,4.4,72.5,71.7,26,134,5.2,2,5,11,0,4,35:14
2021,2,RAM,Sun,September 19,W,N,A,CLT,27,24,19,30,270,2,1,1,8,9.3,8.7,63.3,100.7,29,101,3.5,1,2,2,3,3,3,109,3,9,0,1,28:28,22,36,245,1,2,3,27,7.6,6.3,61.1,67.5,26,109,4.2,0,5,11,0,1,31:32
2021,3,RAM,Sun,September 26,W,N,H,TAM,34,24,27,38,331,4,0,1,12,9.0,8.5,71.1,132.7,24,76,3.2,0,2,2,4,4,3,119,10,15,0,0,30:10,41,55,411,1,0,3,21,7.9,7.1,74.5,101.4,13,35,2.7,2,6,13,1,2,29:50
2021,4,RAM,Sun,October 3,L,N,H,CRD,20,37,26,41,280,2,1,0,0,6.8,6.8,63.4,89.5,23,121,5.3,0,2,3,2,2,1,37,6,11,0,1,24:50,24,32,249,2,0,3,19,8.4,7.1,75.0,117.8,40,216,5.4,2,8,13,0,0,35:10
2021,5,RAM,Thu,October 7,W,N,A,SEA,26,17,25,37,358,1,1,1,7,9.9,9.4,67.6,96.5,29,118,4.1,2,2,2,2,3,5,232,2,10,1,1,33:03,21,33,262,2,2,2,21,8.6,7.5,63.6,83.1,25,92,3.7,0,4,10,0,1,26:57
2021,6,RAM,Sun,October 17,W,N,A,NYG,38,11,22,30,234,4,2,2,17,8.4,7.3,73.3,107.5,34,131,3.9,1,1,1,5,5,4,160,2,11,2,2,32:22,29,51,201,0,3,4,41,4.7,3.7,56.9,41.4,18,60,3.3,1,4,15,2,4,27:38
2021,7,RAM,Sun,October 24,W,N,H,DET,28,19,28,41,327,3,0,1,7,8.1,7.8,68.3,116.6,19,47,2.5,0,2,2,2,2,1,41,9,13,0,1,27:20,23,37,278,1,2,2,7,7.7,7.1,62.2,71.7,28,137,4.9,0,6,15,2,3,32:40
2021,8,RAM,Sun,October 31,W,N,A,HTX,38,22,22,34,302,3,0,1,8,9.1,8.6,64.7,122.4,31,165,5.3,2,1,1,5,5,4,178,4,11,0,1,33:35,29,39,279,2,1,5,31,7.9,6.3,74.4,100.3,14,44,3.1,1,4,12,0,0,26:25
2021,9,RAM,Sun,November 7,L,N,H,OTI,16,28,31,48,253,1,2,5,41,6.1,4.8,64.6,67.4,21,94,4.5,0,3,3,1,1,4,199,4,15,2,3,32:21,19,27,125,1,1,3,18,5.3,4.2,70.4,76.9,26,69,2.7,2,4,12,2,2,27:39
2021,10,RAM,Mon,November 15,L,N,A,SFO,10,31,27,42,226,1,2,2,19,5.8,5.1,64.3,66.2,10,52,5.2,0,1,1,1,1,3,124,3,10,0,2,20:57,15,19,179,2,0,1,3,9.6,9.0,78.9,141.0,44,156,3.5,1,8,14,1,2,39:03
2021,12,RAM,Sun,November 28,L,N,A,GNB,28,36,21,39,285,3,1,2,17,7.7,7.0,53.8,92.4,20,68,3.4,0,2,2,2,2,5,205,4,13,0,1,20:20,28,45,307,2,0,1,0,6.8,6.7,62.2,97.2,32,92,2.9,1,7,19,2,2,39:40
2021,13,RAM,Sun,December 5,W,N,H,JAX,37,7,26,38,290,3,0,1,5,7.8,7.4,68.4,117.2,27,128,4.7,1,3,3,4,4,3,150,5,12,1,1,33:45,16,28,136,0,0,2,9,5.2,4.5,57.1,69.9,25,61,2.4,1,5,12,1,2,26:15
2021,14,RAM,Mon,December 13,W,N,A,CRD,30,23,23,30,267,3,0,3,20,9.6,8.1,76.7,136.4,21,89,4.2,0,3,3,3,3,3,120,6,12,0,0,29:04,32,49,344,0,2,4,39,7.8,6.5,65.3,68.8,22,103,4.7,2,8,15,2,4,30:56
2021,15,RAM,Tue,December 21,W,N,H,SEA,20,10,21,29,209,2,1,4,35,8.4,6.3,72.4,101.1,29,123,4.2,0,2,2,2,2,3,130,6,12,0,1,35:06,17,31,134,0,1,3,22,5.0,3.9,54.8,52.4,19,80,4.2,1,3,11,0,1,24:54
2021,16,RAM,Sun,December 26,W,N,A,MIN,30,23,21,37,197,1,3,0,0,5.3,5.3,56.8,46.8,33,159,4.8,1,3,3,3,3,2,108,7,14,1,1,30:00,27,38,295,1,1,3,20,8.3,7.2,71.1,91.4,22,66,3.0,1,2,12,1,1,30:00
2021,17,RAM,Sun,January 2,W,N,A,RAV,20,19,26,35,300,2,2,1,9,8.8,8.3,74.3,94.9,20,73,3.7,1,0,1,2,2,2,92,3,9,1,1,26:21,20,32,162,0,1,5,35,6.2,4.4,62.5,62.2,32,165,5.2,0,4,14,3,3,33:39
2021,18,RAM,Sun,January 9,L,Y,H,SFO,24,27,21,32,201,3,2,5,37,7.4,5.4,65.6,88.2,27,64,2.4,0,1,1,3,3,4,198,10,17,1,1,31:24,24,33,314,2,2,3,26,10.3,8.7,72.7,97.3,31,135,4.4,1,9,14,0,0,36:44
2022,1,RAM,Thu,September 8,L,N,H,BUF,10,31,29,41,191,1,3,7,49,5.9,4.0,70.7,58.1,18,52,2.9,0,1,1,1,1,4,180,6,13,2,3,28:46,26,31,292,3,2,2,5,9.6,8.8,83.9,111.3,25,121,4.8,1,9,10,0,0,31:14
2022,2,RAM,Sun,September 18,W,N,H,ATL,31,27,27,36,272,3,2,1,0,7.6,7.4,75.0,100.7,26,65,2.5,1,1,1,4,4,0,0,6,10,0,1,30:24,17,26,171,2,2,3,25,7.5,5.9,65.4,77.6,27,90,3.3,0,3,10,1,2,29:36
2022,3,RAM,Sun,September 25,W,N,A,CRD,20,12,18,25,239,0,0,1,10,10.0,9.2,72.0,101.9,20,100,5.0,2,2,2,2,2,3,135,3,8,0,0,26:04,37,58,295,0,0,2,19,5.4,4.9,63.8,76.4,21,70,3.3,0,6,18,4,5,33:56
2022,4,RAM,Mon,October 3,L,N,A,SFO,9,24,32,48,200,0,1,7,54,5.3,3.6,66.7,66.3,18,57,3.2,0,3,3,0,0,4,229,5,15,2,2,34:34,16,27,239,1,0,0,0,8.9,8.9,59.3,100.7,22,88,4.0,1,5,12,0,1,25:26
2022,5,RAM,Sun,October 9,L,N,H,DAL,10,22,29,44,285,1,1,5,35,7.3,5.8,65.9,82.1,15,38,2.5,0,1,2,1,1,6,223,6,17,1,1,30:30,10,16,76,0,0,3,26,6.4,4.0,62.5,74.0,34,163,4.8,1,5,15,0,0,29:30
2022,6,RAM,Sun,October 16,W,N,H,CAR,24,10,26,33,249,1,1,1,4,7.7,7.3,78.8,95.6,29,111,3.8,2,1,1,3,3,5,240,6,12,0,0,37:05,13,21,110,0,1,2,9,5.7,4.8,61.9,55.7,21,93,4.4,0,2,10,0,0,22:55
2022,8,RAM,Sun,October 30,L,N,H,SFO,14,31,22,33,167,1,0,2,20,5.7,4.8,66.7,88.8,21,56,2.7,1,0,0,2,2,5,253,8,13,0,0,30:04,22,26,257,3,0,3,12,10.3,8.9,84.6,146.3,23,111,4.8,1,5,9,0,0,29:56
2022,9,RAM,Sun,November 6,L,N,A,TAM,13,16,13,27,138,1,0,4,27,6.1,4.5,48.1,75.8,24,68,2.8,0,2,2,1,1,9,477,4,15,0,0,28:44,36,58,272,1,0,1,8,4.8,4.6,62.1,79.1,20,51,2.6,0,9,21,0,2,31:16
2022,10,RAM,Sun,November 13,L,N,H,CRD,17,27,25,37,190,1,1,3,19,5.6,4.8,67.6,77.5,20,66,3.3,1,1,1,2,2,5,252,3,11,2,2,27:59,26,37,220,1,0,2,18,6.4,5.6,70.3,94.4,26,78,3.0,2,5,15,3,3,32:01
2022,11,RAM,Sun,November 20,L,N,A,NOR,20,27,16,28,188,2,0,4,35,8.0,5.9,57.1,101.5,30,148,4.9,0,2,2,2,2,6,286,5,14,1,2,28:53,22,28,235,3,0,4,39,9.8,7.3,78.6,137.4,24,88,3.7,0,4,11,0,0,31:07
2022,12,RAM,Sun,November 27,L,N,A,KAN,10,26,14,24,82,1,2,3,24,4.4,3.0,58.3,44.1,28,116,4.1,0,1,1,1,1,4,180,5,13,3,3,27:34,27,42,320,1,1,0,0,7.6,7.6,64.3,85.4,30,117,3.9,1,5,11,0,0,32:26
2022,13,RAM,Sun,December 4,L,N,H,SEA,23,27,14,26,148,0,2,4,30,6.8,4.9,53.8,38.6,33,171,5.2,2,3,3,2,2,3,164,4,12,1,2,29:07,28,39,348,3,1,4,19,9.4,8.1,71.8,114.0,22,90,4.1,0,5,10,0,0,30:53
2022,14,RAM,Thu,December 8,W,N,H,RAI,17,16,22,35,211,1,0,4,19,6.6,5.4,62.9,89.1,22,71,3.2,1,1,2,2,2,3,156,4,12,1,1,29:39,11,20,137,0,2,0,0,6.9,6.9,55.0,36.9,38,165,4.3,1,5,13,1,1,30:21
2022,15,RAM,Mon,December 19,L,N,A,GNB,12,24,12,21,84,1,1,5,27,5.3,3.2,57.1,62.4,17,72,4.2,0,2,2,0,1,4,151,4,11,0,0,22:41,22,30,207,1,1,3,22,7.6,6.3,73.3,89.2,35,138,3.9,2,4,9,2,2,37:19
2022,16,RAM,Sun,December 25,W,N,H,DEN,51,14,24,28,230,2,0,0,0,8.2,8.2,85.7,124.7,36,158,4.4,3,3,3,6,6,0,0,6,10,1,1,36:35,19,35,219,1,4,6,40,7.4,5.3,54.3,43.3,20,104,5.2,0,3,10,1,3,23:25
2022,17,RAM,Sun,January 1,L,N,A,SDG,10,31,11,19,111,0,0,3,21,6.9,5.0,57.9,74.7,26,166,6.4,1,1,1,1,1,5,222,4,11,0,0,28:08,24,31,239,2,0,0,0,7.7,7.7,77.4,120.2,31,192,6.2,2,8,13,0,0,31:52
2022,18,RAM,Sun,January 8,L,Y,A,SEA,16,19,13,26,123,0,1,5,24,5.7,4.0,50.0,47.4,28,146,5.2,1,3,3,1,1,6,286,4,14,1,1,29:55,19,31,205,1,2,3,8,6.9,6.0,61.3,64.6,36,197,5.5,0,1,11,1,1,35:31
